2025-11-10T12:25:43,7e229139,story_generated,story_I feel lucky_Any role will do_Random Ethics Topic,I feel lucky,Any role will do,Random Ethics Topic,,,,,,,,Level=0
2025-11-10T12:25:48,7e229139,story_started,story_I feel lucky_Any role will do_Random Ethics Topic,I feel lucky,Any role will do,Random Ethics Topic,,0,3859,59.68214285714288,8.412857142857145,,3,Initial story generated
2025-11-10T12:26:08,7e229139,story_generated,story_I feel lucky_Any role will do_Random Ethics Topic,I feel lucky,Any role will do,Random Ethics Topic,,,,,,,,Level=0
2025-11-10T12:26:11,7e229139,story_started,story_I feel lucky_Any role will do_Random Ethics Topic,I feel lucky,Any role will do,Random Ethics Topic,,0,3298,65.40500000000003,7.117777777777778,,3,Initial story generated
2025-11-10T12:28:00,7e229139,choice_made,story_I feel lucky_Any role will do_Random Ethics Topic,I feel lucky,Any role will do,Random Ethics Topic,,0,,,,,,"Proceed with implementing the AI system without further consultation, trusting your team's previous research and insights completely."
2025-11-10T12:28:03,7e229139,story_step,story_I feel lucky_Any role will do_Random Ethics Topic,I feel lucky,Any role will do,Random Ethics Topic,,1,3350,42.30210144927537,11.16826086956522,0.4259217009643015,3,Consequence generated
2025-11-10T12:28:28,7e229139,choice_made,story_I feel lucky_Any role will do_Random Ethics Topic,I feel lucky,Any role will do,Random Ethics Topic,,1,,,,,,Create a comprehensive report summarising your team's findings and present it to upper management to validate the decision to implement the AI system without further consultation.
2025-11-10T12:28:32,7e229139,story_step,story_I feel lucky_Any role will do_Random Ethics Topic,I feel lucky,Any role will do,Random Ethics Topic,,2,4150,51.27115384615388,8.876227106227109,0.4982728791224397,3,Consequence generated
2025-11-10T12:29:41,7e229139,choice_made,story_I feel lucky_Any role will do_Random Ethics Topic,I feel lucky,Any role will do,Random Ethics Topic,,2,,,,,,Conduct a survey among customers to determine their expectations and concerns regarding AI interactions before making any implementations.
2025-11-10T12:29:46,7e229139,story_completed,story_I feel lucky_Any role will do_Random Ethics Topic,I feel lucky,Any role will do,Random Ethics Topic,,3,,,,,,Final outcome shown
2025-11-10T12:38:41,64cd8950,story_generated,story_I feel lucky_Any role will do_Random Ethics Topic,I feel lucky,Any role will do,Random Ethics Topic,,,,,,,,Level=0
2025-11-10T12:38:44,64cd8950,story_started,story_I feel lucky_Any role will do_Random Ethics Topic,I feel lucky,Any role will do,Random Ethics Topic,,0,3216,57.94166666666669,8.490000000000002,,3,Initial story generated
2025-11-10T12:40:27,57b053d3,story_generated,story_I feel lucky_Any role will do_Random Ethics Topic,I feel lucky,Any role will do,Random Ethics Topic,,,,,,,,Level=0
2025-11-10T12:40:32,57b053d3,story_started,story_I feel lucky_Any role will do_Random Ethics Topic,I feel lucky,Any role will do,Random Ethics Topic,,0,4047,56.83250000000004,8.686111111111114,,3,Initial story generated
2025-11-10T12:40:56,57b053d3,story_generated,story_I feel lucky_Any role will do_Random Ethics Topic,I feel lucky,Any role will do,Random Ethics Topic,,,,,,,,Level=0
2025-11-10T12:40:59,57b053d3,story_started,story_I feel lucky_Any role will do_Random Ethics Topic,I feel lucky,Any role will do,Random Ethics Topic,,0,3001,65.03162601626018,7.5839024390243885,,3,Initial story generated
2025-11-10T12:52:07,a07e1935,story_generated,story_I feel lucky_Any role will do_Random Ethics Topic,I feel lucky,Any role will do,Random Ethics Topic,,,,,,,,Level=0
2025-11-10T12:52:10,a07e1935,story_started,story_I feel lucky_Any role will do_Random Ethics Topic,I feel lucky,Any role will do,Random Ethics Topic,,0,2762,44.815175438596526,10.155263157894733,,3,Initial story generated
2025-11-10T12:52:24,a07e1935,story_generated,story_I feel lucky_Any role will do_Random Ethics Topic,I feel lucky,Any role will do,Random Ethics Topic,,,,,,,,Level=0
2025-11-10T12:52:27,a07e1935,story_started,story_I feel lucky_Any role will do_Random Ethics Topic,I feel lucky,Any role will do,Random Ethics Topic,,0,3337,55.99049019607847,8.265294117647063,,3,Initial story generated
2025-11-10T13:02:26,d7acb148,story_generated,story_I feel lucky_Any role will do_Random Ethics Topic,I feel lucky,Any role will do,Random Ethics Topic,,,,,,,,Level=0
2025-11-10T13:02:32,d7acb148,story_started,story_I feel lucky_Any role will do_Random Ethics Topic,I feel lucky,Any role will do,Random Ethics Topic,,0,6424,35.94666666666669,12.8,,3,Initial story generated
2025-11-10T13:05:53,2e0aee65,story_generated,story_I feel lucky_Any role will do_Random Ethics Topic,I feel lucky,Any role will do,Random Ethics Topic,,,,,,,,Level=0
2025-11-10T13:05:59,2e0aee65,story_started,story_I feel lucky_Any role will do_Random Ethics Topic,I feel lucky,Any role will do,Random Ethics Topic,,0,5932,34.86290540540543,12.99256756756757,,3,Initial story generated
2025-11-10T13:06:08,2e0aee65,story_generated,story_I feel lucky_Any role will do_Random Ethics Topic,I feel lucky,Any role will do,Random Ethics Topic,,,,,,,,Level=0
2025-11-10T13:06:13,2e0aee65,story_started,story_I feel lucky_Any role will do_Random Ethics Topic,I feel lucky,Any role will do,Random Ethics Topic,,0,5338,54.33967105263159,9.22013157894737,,3,Initial story generated
2025-11-10T13:06:32,2e0aee65,choice_made,story_I feel lucky_Any role will do_Random Ethics Topic,I feel lucky,Any role will do,Random Ethics Topic,,0,,,,,,"Proceed with the launch as planned, trusting that the AI will perform well based on initial testing results."
2025-11-10T13:06:36,2e0aee65,story_step,story_I feel lucky_Any role will do_Random Ethics Topic,I feel lucky,Any role will do,Random Ethics Topic,,1,4396,51.82711538461541,10.874829059829061,0.6969696969696971,3,Consequence generated
2025-11-10T13:06:41,2e0aee65,choice_made,story_I feel lucky_Any role will do_Random Ethics Topic,I feel lucky,Any role will do,Random Ethics Topic,,1,,,,,,Conduct a survey among your customer service representatives to gather their insights on the AI tool and any concerns they may have about its implementation.
2025-11-10T13:06:49,2e0aee65,story_step,story_I feel lucky_Any role will do_Random Ethics Topic,I feel lucky,Any role will do,Random Ethics Topic,,2,7901,49.213763489208645,10.71142985611511,0.755868093597181,3,Consequence generated
2025-11-10T13:06:53,2e0aee65,choice_made,story_I feel lucky_Any role will do_Random Ethics Topic,I feel lucky,Any role will do,Random Ethics Topic,,2,,,,,,"Move forward with the launch of the AI tool without further consultation, trusting the initial testing results and the team's enthusiasm to guide the implementation."
2025-11-10T13:06:57,2e0aee65,story_completed,story_I feel lucky_Any role will do_Random Ethics Topic,I feel lucky,Any role will do,Random Ethics Topic,,3,,,,,,Final outcome shown
